Date,Country,New_cases,Confirmed,New_deaths,Deaths,Recovered
22/01/2020,India,0,0,0,0,0
23/01/2020,India,0,0,0,0,0
24/01/2020,India,0,0,0,0,0
25/01/2020,India,0,0,0,0,0
26/01/2020,India,0,0,0,0,0
27/01/2020,India,0,0,0,0,0
28/01/2020,India,0,0,0,0,0
29/01/2020,India,0,0,0,0,0
30/01/2020,India,1,1,0,0,0
31/01/2020,India,4,5,0,0,0
01/02/2020,India,0,5,0,0,0
02/02/2020,India,3,2,0,0,0
03/02/2020,India,1,3,0,0,0
04/02/2020,India,4,7,0,0,0
05/02/2020,India,0,7,0,0,0
06/02/2020,India,0,7,0,0,0
07/02/2020,India,0,7,0,0,0
08/02/2020,India,0,7,0,0,0
09/02/2020,India,0,7,0,0,0
10/02/2020,India,0,7,0,0,0
11/02/2020,India,0,7,0,0,0
12/02/2020,India,0,7,0,0,0
13/02/2020,India,0,7,0,0,0
14/02/2020,India,0,7,0,0,0
15/02/2020,India,0,7,0,0,0
16/02/2020,India,0,7,0,0,3
17/02/2020,India,0,7,0,0,3
18/02/2020,India,0,7,0,0,3
19/02/2020,India,0,7,0,0,3
20/02/2020,India,0,7,0,0,3
21/02/2020,India,0,7,0,0,3
22/02/2020,India,0,7,0,0,3
23/02/2020,India,0,7,0,0,3
24/02/2020,India,0,7,0,0,3
25/02/2020,India,0,7,0,0,3
26/02/2020,India,0,7,0,0,3
27/02/2020,India,0,7,0,0,3
28/02/2020,India,0,7,0,0,3
29/02/2020,India,0,7,0,0,3
01/03/2020,India,0,7,0,0,3
02/03/2020,India,-2,5,0,0,3
03/03/2020,India,4,9,0,0,3
04/03/2020,India,19,28,0,0,3
05/03/2020,India,1,29,0,0,3
06/03/2020,India,2,31,0,0,3
07/03/2020,India,3,34,0,0,3
08/03/2020,India,5,39,0,0,3
09/03/2020,India,5,44,0,0,3
10/03/2020,India,6,50,0,0,4
11/03/2020,India,10,60,0,0,4
12/03/2020,India,13,73,0,0,4
13/03/2020,India,8,81,1,1,4
14/03/2020,India,3,84,1,2,4
15/03/2020,India,23,107,0,2,13
16/03/2020,India,7,114,0,2,13
17/03/2020,India,23,137,1,3,14
18/03/2020,India,14,151,0,3,14
19/03/2020,India,22,173,1,4,15
20/03/2020,India,50,223,0,4,20
21/03/2020,India,60,283,0,4,23
22/03/2020,India,77,360,3,7,27
23/03/2020,India,74,434,2,9,27
24/03/2020,India,85,519,0,9,40
25/03/2020,India,87,606,1,10,43
26/03/2020,India,43,649,3,13,45
27/03/2020,India,75,724,4,17,73
28/03/2020,India,185,909,2,19,84
29/03/2020,India,70,979,6,25,95
30/03/2020,India,92,1071,4,29,102
31/03/2020,India,180,1251,3,32,123
01/04/2020,India,386,1637,6,38,148
02/04/2020,India,328,1965,12,50,191
03/04/2020,India,336,2301,6,56,192
04/04/2020,India,601,2902,12,68,229
05/04/2020,India,472,3374,9,77,229
06/04/2020,India,693,4067,32,109,375
07/04/2020,India,354,4421,5,114,421
08/04/2020,India,853,5274,35,149,506
09/04/2020,India,591,5865,20,169,620
10/04/2020,India,547,6412,30,199,774
11/04/2020,India,1035,7447,40,239,969
12/04/2020,India,909,8356,34,273,1080
13/04/2020,India,796,9152,35,308,1181
14/04/2020,India,1211,10363,31,339,1359
15/04/2020,India,1076,11439,38,377,1432
16/04/2020,India,941,12380,37,414,1768
17/04/2020,India,1007,13387,23,437,2041
18/04/2020,India,991,14378,43,480,2463
19/04/2020,India,1334,15712,27,507,2854
20/04/2020,India,1553,17265,36,543,3273
21/04/2020,India,1336,18601,47,590,3975
22/04/2020,India,1383,19984,50,640,4370
23/04/2020,India,1409,21393,41,681,5012
24/04/2020,India,1684,23077,37,718,5498
25/04/2020,India,1429,24506,57,775,5939
26/04/2020,India,1990,26496,49,824,6523
27/04/2020,India,1396,27892,48,872,7137
28/04/2020,India,1543,29435,62,934,7747
29/04/2020,India,1897,31332,73,1007,8437
30/04/2020,India,1718,33050,67,1074,9068
01/05/2020,India,1993,35043,73,1147,10007
02/05/2020,India,2293,37336,71,1218,10819
03/05/2020,India,2644,39980,83,1301,11775
04/05/2020,India,2553,42533,72,1373,12847
05/05/2020,India,3900,46433,195,1568,14142
06/05/2020,India,2958,49391,126,1694,15331
07/05/2020,India,3561,52952,89,1783,16776
08/05/2020,India,3390,56342,103,1886,17887
09/05/2020,India,3320,59662,95,1981,19301
10/05/2020,India,3277,62939,128,2109,20969
11/05/2020,India,4213,67152,97,2206,22549
12/05/2020,India,3604,70756,87,2293,24420
13/05/2020,India,3525,74281,122,2415,26400
14/05/2020,India,3722,78003,134,2549,27969
15/05/2020,India,3967,81970,100,2649,30258
16/05/2020,India,3970,85940,103,2752,34224
17/05/2020,India,4987,90927,120,2872,36795
18/05/2020,India,5242,96169,157,3029,39233
19/05/2020,India,4970,101139,134,3163,42309
20/05/2020,India,5611,106750,140,3303,45422
21/05/2020,India,5609,112359,132,3435,48553
22/05/2020,India,6088,118447,148,3583,51824
23/05/2020,India,6654,125101,137,3720,54385
24/05/2020,India,6767,131868,147,3867,57692
25/05/2020,India,6977,138845,154,4021,60706
26/05/2020,India,6535,145380,146,4167,64277
27/05/2020,India,6387,151767,170,4337,67749
28/05/2020,India,6566,158333,194,4531,70920
29/05/2020,India,7466,165799,175,4706,82627
30/05/2020,India,7964,173763,265,4971,86936
31/05/2020,India,8380,182143,193,5164,91852
01/06/2020,India,8392,190535,230,5394,95754
02/06/2020,India,8171,198706,204,5598,100285
03/06/2020,India,8909,207615,217,5815,104071
04/06/2020,India,9304,216919,260,6075,108450
05/06/2020,India,9851,226770,273,6348,113233
06/06/2020,India,9887,236657,294,6642,118695
07/06/2020,India,9971,246628,287,6929,123848
08/06/2020,India,9983,256611,271,7200,129095
09/06/2020,India,9987,266598,271,7471,134670
10/06/2020,India,9985,276583,274,7745,135206
11/06/2020,India,9996,286579,357,8102,147195
12/06/2020,India,10956,297535,396,8498,154330
13/06/2020,India,11458,308993,386,8884,162379
14/06/2020,India,11929,320922,311,9195,169798
15/06/2020,India,11502,332424,325,9520,180013
16/06/2020,India,10667,343091,380,9900,186935
17/06/2020,India,10974,354065,2003,11903,194325
18/06/2020,India,12881,366946,334,12237,204711
19/06/2020,India,13586,380532,336,12573,213831
20/06/2020,India,14516,395048,375,12948,227728
21/06/2020,India,15413,410461,306,13254,237196
22/06/2020,India,14821,425282,445,13699,248190
23/06/2020,India,14933,440215,312,14011,258685
24/06/2020,India,15968,456183,465,14476,271697
25/06/2020,India,16922,473105,418,14894,285637
26/06/2020,India,17296,490401,407,15301,295881
27/06/2020,India,18552,508953,384,15685,309713
28/06/2020,India,19906,528859,410,16095,321723
29/06/2020,India,19459,548318,380,16475,334822
30/06/2020,India,18522,566840,418,16893,347912
01/07/2020,India,18653,585493,507,17400,359860
02/07/2020,India,19148,604641,434,17834,379892
03/07/2020,India,20903,625544,379,18213,394227
04/07/2020,India,22771,648315,442,18655,409083
05/07/2020,India,24850,673165,613,19268,424433
06/07/2020,India,24248,697413,425,19693,439934
07/07/2020,India,22252,719665,467,20160,456831
08/07/2020,India,22752,742417,482,20642,476378
09/07/2020,India,24879,767296,487,21129,495513
10/07/2020,India,26506,793802,475,21604,515386
11/07/2020,India,27114,820916,519,22123,534618
12/07/2020,India,28637,849553,551,22674,553471
13/07/2020,India,28701,878254,500,23174,571460
14/07/2020,India,28498,906752,553,23727,592032
15/07/2020,India,29429,936181,582,24309,612768
16/07/2020,India,32695,968876,606,24915,635757
17/07/2020,India,34956,1003832,687,25602,653751
18/07/2020,India,34884,1038716,671,26273,677423
19/07/2020,India,38902,1077618,543,26816,700087
20/07/2020,India,40425,1118043,681,27497,724578
21/07/2020,India,37148,1155191,587,28084,753050
22/07/2020,India,37724,1192915,648,28732,782607
23/07/2020,India,45720,1238635,1129,29861,817209
24/07/2020,India,49310,1287945,740,30601,849432
25/07/2020,India,48916,1336861,757,31358,885573
26/07/2020,India,48661,1385522,705,32063,917568
27/07/2020,India,49931,1435453,708,32771,951166
28/07/2020,India,47703,1483156,654,33425,988029
29/07/2020,India,48513,1531669,768,34193,1019735
30/07/2020,India,52123,1583792,775,34968,1055348
31/07/2020,India,55078,1638870,779,35747,1094374
01/08/2020,India,57118,1695988,764,36511,1145629
02/08/2020,India,54735,1750723,853,37364,1186203
03/08/2020,India,52972,1803695,771,38135,1230509
04/08/2020,India,52050,1855745,803,38938,1282215
05/08/2020,India,52509,1908254,857,39795,1328336
06/08/2020,India,56282,1964536,904,40699,1378105
07/08/2020,India,62538,2027074,886,41585,1427005
08/08/2020,India,61537,2088611,933,42518,1480884
09/08/2020,India,64399,2153010,861,43379,1535743
10/08/2020,India,62064,2215074,1007,44386,1583489
11/08/2020,India,53601,2268675,871,45257,1639599
12/08/2020,India,60963,2329638,834,46091,1695982
13/08/2020,India,66999,2396637,942,47033,1751555
14/08/2020,India,64553,2461190,1007,48040,1808936
15/08/2020,India,65002,2526192,996,49036,1862258
16/08/2020,India,63490,2589682,944,49980,1919842
17/08/2020,India,57981,2647663,941,50921,1977671
18/08/2020,India,55079,2702742,876,51797,2037816
19/08/2020,India,64531,2767273,1092,52889,2096664
20/08/2020,India,69652,2836925,977,53866,2158946
21/08/2020,India,68898,2905823,983,54849,2222577
22/08/2020,India,69878,2975701,945,55794,2280566
23/08/2020,India,69239,3044940,912,56706,2338035
24/08/2020,India,61408,3106348,836,57542,2404585
25/08/2020,India,60975,3167323,848,58390,2458339
26/08/2020,India,67151,3234474,1059,59449,2523771
27/08/2020,India,75760,3310234,1023,60472,2583948
28/08/2020,India,77266,3387500,1057,61529,2648998
29/08/2020,India,76472,3463972,1021,62550,2713933
30/08/2020,India,78761,3542733,948,63498,2774801
31/08/2020,India,78512,3621245,971,64469,2839882
01/09/2020,India,69921,3691166,819,65288,2901908
02/09/2020,India,78357,3769523,1045,66333,2970492
03/09/2020,India,83883,3853406,1043,67376,3037151
04/09/2020,India,83341,3936747,1096,68472,3107223
05/09/2020,India,86432,4023179,1089,69561,3180865
06/09/2020,India,90632,4113811,1065,70626,3250429
07/09/2020,India,90802,4204613,1016,71642,3323950
08/09/2020,India,75809,4280422,1133,72775,3398844
09/09/2020,India,89706,4370128,1115,73890,3471783
10/09/2020,India,95735,4465863,1172,75062,3542663
11/09/2020,India,96551,4562414,1209,76271,3624196
12/09/2020,India,97570,4659984,1201,77472,3702595
13/09/2020,India,94372,4754356,1114,78586,3780107
14/09/2020,India,92071,4846427,1136,79722,3859399
15/09/2020,India,83809,4930236,1054,80776,3942360
16/09/2020,India,90123,5020359,1290,82066,4025079
17/09/2020,India,97894,5118253,1132,83198,4112551
18/09/2020,India,96424,5214677,1174,84372,4208431
19/09/2020,India,93337,5308014,1247,85619,4303043
20/09/2020,India,92605,5400619,1133,86752,4396399
21/09/2020,India,86961,5487580,1130,87882,4497867
22/09/2020,India,75083,5562663,1053,88935,4587613
23/09/2020,India,83347,5646010,1085,90020,4674987
24/09/2020,India,86508,5732518,1129,91149,4756164
25/09/2020,India,86052,5818570,1141,92290,4849584
26/09/2020,India,85362,5903932,1089,93379,4941627
27/09/2020,India,88600,5992532,1124,94503,5016520
28/09/2020,India,82170,6074702,1039,95542,5101397
29/09/2020,India,70589,6145291,776,96318,5187825
30/09/2020,India,80472,6225763,1179,97497,5273201
01/10/2020,India,86821,6312584,1181,98678,5352078
02/10/2020,India,81484,6394068,1095,99773,5427706
03/10/2020,India,79476,6473544,1069,100842,5509966
04/10/2020,India,75829,6549373,940,101782,5586703
05/10/2020,India,74442,6623815,903,102685,5662490
06/10/2020,India,61267,6685082,884,103569,5744693
07/10/2020,India,72049,6757131,986,104555,5827704
08/10/2020,India,78524,6835655,971,105526,5906069
09/10/2020,India,70496,6906151,964,106490,5988822
10/10/2020,India,73272,6979423,926,107416,6077976
11/10/2020,India,74383,7053806,918,108334,6149535
12/10/2020,India,66732,7120538,816,109150,6227295
13/10/2020,India,55342,7175880,706,109856,6301927
14/10/2020,India,63509,7239389,730,110586,6383441
15/10/2020,India,67708,7307097,680,111266,6453779
16/10/2020,India,63371,7370468,895,112161,6524595
17/10/2020,India,62212,7432680,837,112998,6597209
18/10/2020,India,61871,7494551,1033,114031,6663608
19/10/2020,India,55722,7550273,579,114610,6733328
20/10/2020,India,46790,7597063,587,115197,6795103
21/10/2020,India,54044,7651107,717,115914,6874518
22/10/2020,India,55839,7706946,702,116616,6948497
23/10/2020,India,54366,7761312,690,117306,7016046
24/10/2020,India,53370,7814682,650,117956,7078123
25/10/2020,India,50129,7864811,578,118534,7137228
26/10/2020,India,45148,7909959,480,119014,7201070
27/10/2020,India,36470,7946429,488,119502,7259509
28/10/2020,India,43893,7990322,508,120010,7315989
29/10/2020,India,49881,8040203,517,120527,7373375
30/10/2020,India,48648,8088851,563,121090,7432829
31/10/2020,India,48268,8137119,551,121641,7491513
01/11/2020,India,46963,8184082,470,122111,7544798
02/11/2020,India,45231,8229313,496,122607,7603121
03/11/2020,India,38310,8267623,490,123097,7656478
04/11/2020,India,46253,8313876,514,123611,7711809
05/11/2020,India,50210,8364086,704,124315,7765966
06/11/2020,India,47638,8411724,670,124985,7819886
07/11/2020,India,50356,8462080,577,125562,7868968
08/11/2020,India,45674,8507754,559,126121,7917373
09/11/2020,India,45903,8553657,490,126611,7959406
10/11/2020,India,38073,8591730,448,127059,8013783
11/11/2020,India,44281,8636011,512,127571,8066501
12/11/2020,India,47905,8683916,550,128121,8115580
13/11/2020,India,44879,8728795,547,128668,8163572
14/11/2020,India,44684,8773479,520,129188,8205728
15/11/2020,India,41100,8814579,447,129635,8249579
16/11/2020,India,30548,8845127,435,130070,8290370
17/11/2020,India,29163,8874290,449,130519,8335109
18/11/2020,India,38617,8912907,474,130993,8383602
19/11/2020,India,45576,8958483,585,131578,8428409
20/11/2020,India,45882,9004365,584,132162,8478124
21/11/2020,India,46232,9050597,564,132726,8521617
22/11/2020,India,45209,9095806,501,133227,8562641
23/11/2020,India,44059,9139865,511,133738,8604955
24/11/2020,India,37975,9177840,480,134218,8642771
25/11/2020,India,44376,9222216,481,134699,8679138
26/11/2020,India,44489,9266705,524,135223,8718517
27/11/2020,India,43082,9309787,492,135715,8759969
28/11/2020,India,41322,9351109,485,136200,8802267
29/11/2020,India,41810,9392919,496,136696,8847600
30/11/2020,India,38772,9431691,443,137139,8889585
01/12/2020,India,31118,9462809,482,137621,8932647
02/12/2020,India,36604,9499413,501,138122,8973373
03/12/2020,India,35551,9534964,526,138648,9016289
04/12/2020,India,36595,9571559,540,139188,9058822
05/12/2020,India,36652,9608211,512,139700,9100792
06/12/2020,India,36011,9644222,482,140182,9139901
07/12/2020,India,32981,9677203,391,140573,9178946
08/12/2020,India,26567,9703770,385,140958,9215581
09/12/2020,India,32080,9735850,402,141360,9253306
10/12/2020,India,31521,9767371,412,141772,9290809
11/12/2020,India,29398,9796769,414,142186,9324328
12/12/2020,India,30006,9826775,442,142628,9357464
13/12/2020,India,30254,9857029,391,143019,9388159
14/12/2020,India,27071,9884100,336,143355,9422636
15/12/2020,India,22065,9906165,354,143709,9456449
16/12/2020,India,26382,9932547,387,144096,9489740
17/12/2020,India,24010,9956557,355,144451,9520827
18/12/2020,India,22890,9979447,338,144789,9550712
19/12/2020,India,25152,10004599,347,145136,9580402
20/12/2020,India,26624,10031223,341,145477,9606111
21/12/2020,India,24337,10055560,333,145810,9636487
22/12/2020,India,19556,10075116,301,146111,9663382
23/12/2020,India,23950,10099066,333,146444,9693173
24/12/2020,India,24712,10123778,312,146756,9717834
25/12/2020,India,23067,10146845,336,147092,9740108
26/12/2020,India,22273,10169118,251,147343,9761538
27/12/2020,India,18732,10187850,279,147622,9782669
28/12/2020,India,20021,10207871,279,147901,9807569
29/12/2020,India,16432,10224303,252,148153,9834141
30/12/2020,India,20549,10244852,286,148439,9860280
31/12/2020,India,21822,10266674,299,148738,9883461
01/01/2021,India,20035,10286709,256,148994,9929568
02/01/2021,India,19079,10305788,224,149218,9927310
03/01/2021,India,18177,10323965,217,149435,9946867
04/01/2021,India,16504,10340469,214,149649,9975958
05/01/2021,India,16375,10356844,201,149850,9997272
06/01/2021,India,18088,10374932,264,150114,10016859
07/01/2021,India,20346,10395278,222,150336,10037398
08/01/2021,India,18139,10413417,234,150570,10037398
09/01/2021,India,18222,10431639,228,150798,10075950
10/01/2021,India,18645,10450284,201,150999,10092909
11/01/2021,India,16311,10466595,161,151160,10111294
12/01/2021,India,12584,10479179,167,151327,10129111
13/01/2021,India,15968,10495147,202,151529,10146763
14/01/2021,India,16946,10512093,198,151727,10162738
15/01/2021,India,15590,10527683,191,151918,10179715
16/01/2021,India,15158,10542841,175,152093,10196885
17/01/2021,India,15144,10557985,181,152274,10211342
18/01/2021,India,13788,10571773,145,152419,10228753
19/01/2021,India,10064,10581837,137,152556,10245741
20/01/2021,India,13823,10595660,162,152718,10265706
21/01/2021,India,15223,10610883,151,152869,10283702
22/01/2021,India,14545,10625428,163,153032,10300838
23/01/2021,India,14256,10639684,152,153184,10316786
24/01/2021,India,14849,10654533,155,153339,10330084
25/01/2021,India,13203,10667736,131,153470,10345985
26/01/2021,India,9102,10676838,117,153587,10359305
27/01/2021,India,12689,10689527,137,153724,10373606
28/01/2021,India,11666,10701193,123,153847,10394352
29/01/2021,India,18855,10720048,163,154010,10409146
30/01/2021,India,13083,10733131,137,154147,10423109
31/01/2021,India,13052,10746183,127,154274,10434983
01/02/2021,India,11427,10757610,118,154392,10448406
02/02/2021,India,8635,10766245,94,154486,10462631
03/02/2021,India,11039,10777284,110,154596,10480455
04/02/2021,India,12899,10790183,107,154703,10496308
05/02/2021,India,12408,10802591,120,154823,10510796
06/02/2021,India,11713,10814304,95,154918,10522601
07/02/2021,India,12059,10826363,78,154996,10534505
08/02/2021,India,11831,10838194,84,155080,10548521
09/02/2021,India,9110,10847304,78,155158,10561608
10/02/2021,India,11067,10858371,94,155252,10573372
11/02/2021,India,12923,10871294,108,155360,10589230
12/02/2021,India,9309,10880603,87,155447,10600625
13/02/2021,India,12143,10892746,103,155550,10611731
14/02/2021,India,12194,10904940,92,155642,10621220
15/02/2021,India,11649,10916589,90,155732,10633025
16/02/2021,India,9121,10925710,81,155813,10644858
17/02/2021,India,11610,10937320,100,155913,10656845
18/02/2021,India,12881,10950201,101,156014,10667741
19/02/2021,India,13193,10963394,97,156111,10678048
20/02/2021,India,13993,10977387,101,156212,10689715
21/02/2021,India,14264,10991651,90,156302,10699410
22/02/2021,India,14199,11005850,83,156385,10712665
23/02/2021,India,10584,11016434,78,156463,10726702
24/02/2021,India,13742,11030176,104,156567,10738501
25/02/2021,India,16738,11046914,138,156705,10750680
26/02/2021,India,16577,11063491,120,156825,10763451
27/02/2021,India,16488,11079979,113,156938,10775169
28/02/2021,India,16752,11096731,113,157051,10786452
01/03/2021,India,15510,11112241,106,157157,10798921
02/03/2021,India,12286,11124527,91,157248,10812044
03/03/2021,India,14989,11139516,98,157346,10826075
04/03/2021,India,17407,11156923,89,157435,10839894
05/03/2021,India,16838,11173761,113,157548,10854126
06/03/2021,India,18327,11192088,108,157656,10868520
07/03/2021,India,18711,11210799,100,157756,10882798
08/03/2021,India,18599,11229398,97,157853,10899394
09/03/2021,India,15388,11244786,77,157930,10920046
10/03/2021,India,17921,11262707,133,158063,10938146
11/03/2021,India,22854,11285561,126,158189,10953303
12/03/2021,India,23285,11308846,117,158306,10973260
13/03/2021,India,24882,11333728,140,158446,10989897
14/03/2021,India,25320,11359048,161,158607,11007352
15/03/2021,India,26291,11385339,118,158725,11027543
16/03/2021,India,24492,11409831,131,158856,11045284
17/03/2021,India,28903,11438734,188,159044,11063025
18/03/2021,India,35871,11474605,172,159216,11083679
19/03/2021,India,39726,11514331,154,159370,11107332
20/03/2021,India,40953,11555284,188,159558,11130288
21/03/2021,India,43846,11599130,197,159755,11151468
22/03/2021,India,46951,11646081,212,159967,11181253
23/03/2021,India,40715,11686796,199,160166,11205160
24/03/2021,India,47262,11734058,275,160441,11231650
25/03/2021,India,53476,11787534,251,160692,11264637
26/03/2021,India,59118,11846652,257,160949,11295023
27/03/2021,India,62258,11908910,291,161240,11323762
28/03/2021,India,62714,11971624,312,161552,11355993
29/03/2021,India,68020,12039644,291,161843,11393021
30/03/2021,India,56211,12095855,271,162114,11434301
31/03/2021,India,53480,12149335,354,162468,11474683
01/04/2021,India,72330,12221665,459,162927,11525039
02/04/2021,India,81466,12303131,469,163396,11569241
03/04/2021,India,89129,12392260,714,164110,11629289
04/04/2021,India,93249,12485509,513,164623,11682136
05/04/2021,India,103558,12589067,478,165101,11732279
06/04/2021,India,96982,12686049,446,165547,11792135
07/04/2021,India,115736,12801785,630,166177,11851393
08/04/2021,India,126789,12928574,685,166862,11913292
09/04/2021,India,131968,13060542,780,167642,11990859
10/04/2021,India,145384,13205926,794,168436,12081443
11/04/2021,India,152879,13358805,839,169275,12156529
12/04/2021,India,168912,13527717,904,170179,12253697
13/04/2021,India,161736,13689453,879,171058,12336036
14/04/2021,India,184372,13873825,1027,172085,12429564
15/04/2021,India,200739,14074564,1038,173123,12547866
16/04/2021,India,217353,14291917,1185,174308,12671220
17/04/2021,India,234692,14526609,1341,175649,12809638
18/04/2021,India,261500,14788109,1501,177150,12953817
19/04/2021,India,273810,15061919,1619,178769,13108565
20/04/2021,India,259170,15321089,1761,180530,13276039
21/04/2021,India,295041,15616130,2023,182553,13454880
22/04/2021,India,314835,15930965,2104,184657,13648159
23/04/2021,India,332730,16263695,2263,186920,13867997
24/04/2021,India,346786,16610481,2624,189544,14085110
25/04/2021,India,349691,16960172,2767,192311,14304382
26/04/2021,India,352991,17313163,2812,195123,14556089
27/04/2021,India,323144,17636307,2771,197894,14817240
28/04/2021,India,360960,17997267,3293,201187,15086740
29/04/2021,India,379257,18376524,3645,204832,15384418
30/04/2021,India,386452,18762976,3498,208330,15684406
01/05/2021,India,401993,19164969,3523,211853,15992271
02/05/2021,India,392488,19557457,3689,215542,16292725
03/05/2021,India,368147,19925604,3417,218959,16613292
04/05/2021,India,357229,20282833,3449,222408,16951521
05/05/2021,India,382315,20665148,3780,226188,17280844
06/05/2021,India,412262,21077410,3980,230168,17612351
07/05/2021,India,414188,21491598,3915,234083,17930960
08/05/2021,India,401078,21892676,4187,238270,18317364
09/05/2021,India,403738,22296414,4092,242362,18671222
10/05/2021,India,366161,22662575,3754,246116,19027304
11/05/2021,India,329942,22992517,3876,249992,19382642
12/05/2021,India,348421,23340938,4205,254197,19734823
13/05/2021,India,362727,23703665,4120,258317,20079599
14/05/2021,India,343144,24046809,4000,262317,20432898
15/05/2021,India,326098,24372907,3890,266207,20795335
16/05/2021,India,311170,24684077,4077,270284,21174076
17/05/2021,India,281386,24965463,4106,274390,21596512
18/05/2021,India,263533,25228996,4329,278719,21986363
19/05/2021,India,267334,25496330,4529,283248,22355440
20/05/2021,India,276110,25772440,3874,287122,22712735
21/05/2021,India,259551,26031991,4209,291331,23070365
22/05/2021,India,257299,26289290,4194,295525,23425467
23/05/2021,India,240842,26530132,3741,299266,23728011
24/05/2021,India,222315,26752447,4454,303720,24054861
25/05/2021,India,196427,26948874,3511,307231,24350816
26/05/2021,India,208921,27157795,4157,311388,24633951
27/05/2021,India,211298,27369093,3847,315235,24893410
28/05/2021,India,186364,27555457,3660,318895,25178011
29/05/2021,India,173790,27729247,3617,322512,25454320
30/05/2021,India,165553,27894800,3460,325972,25692342
31/05/2021,India,152734,28047534,3128,329100,25947629
01/06/2021,India,127510,28175044,2795,331895,26179085
02/06/2021,India,132788,28307832,3207,335102,26390584
03/06/2021,India,134154,28441986,2887,337989,26597655
04/06/2021,India,132364,28574350,2713,340702,26795549
05/06/2021,India,120529,28694879,3380,344082,26984781
06/06/2021,India,114460,28809339,2677,346759,27159180
07/06/2021,India,100636,28909975,2427,349186,27341462
08/06/2021,India,86498,28996473,2123,351309,27504126
09/06/2021,India,92596,29089069,2219,353528,27655493
10/06/2021,India,94052,29183121,6148,359676,27790073
11/06/2021,India,91702,29274823,3403,363079,27911384
12/06/2021,India,84332,29359155,4002,367081,28043446
13/06/2021,India,80834,29439989,3303,370384,28162947
14/06/2021,India,70421,29510410,3921,374305,28280472
15/06/2021,India,60471,29570881,2726,377031,28388100
16/06/2021,India,62224,29633105,2542,379573,28491670
17/06/2021,India,67208,29700313,2330,381903,28580647
18/06/2021,India,62480,29762793,1587,383490,28678390
19/06/2021,India,60753,29823546,1647,385137,28765738
20/06/2021,India,58419,29881965,1576,386713,28844199
21/06/2021,India,53256,29935221,1422,388135,28926038
22/06/2021,India,42640,29977861,1167,389302,28994855
23/06/2021,India,50848,30028709,1358,390660,29063740
24/06/2021,India,54069,30082778,1321,391981,29128267
25/06/2021,India,51667,30134445,1329,393310,29193085
26/06/2021,India,48698,30183143,1183,394493,29251029
27/06/2021,India,50040,30233183,1258,395751,29309607
28/06/2021,India,46148,30279331,979,396730,29366601
29/06/2021,India,37566,30316897,907,397637,29427330
30/06/2021,India,45951,30362848,817,398454,29488918
01/07/2021,India,48786,30411634,1005,399459,29548302
02/07/2021,India,46617,30458251,853,400312,29605779
03/07/2021,India,44111,30502362,738,401050,29658078
04/07/2021,India,43071,30545433,955,402005,29700430
05/07/2021,India,39796,30585229,723,402728,29752294
06/07/2021,India,34703,30619932,553,403281,29799534
07/07/2021,India,43733,30663665,930,404211,29843825
08/07/2021,India,45892,30709557,817,405028,29888284
09/07/2021,India,43393,30752950,911,405939,29933538
10/07/2021,India,42766,30795716,1206,407145,29975064
11/07/2021,India,41506,30837222,895,408040,30014713
12/07/2021,India,37154,30874376,724,408764,30063720
13/07/2021,India,32906,30907282,2020,410784,30104659
14/07/2021,India,38792,30946074,624,411408,30143850
15/07/2021,India,41806,30987880,581,411989,30183876
16/07/2021,India,38949,31026829,542,412531,30227792
17/07/2021,India,38079,31064908,560,413091,30269796
18/07/2021,India,41157,31106065,518,413609,30308456
19/07/2021,India,38164,31144229,499,414108,30353710
20/07/2021,India,30093,31174322,374,414482,30390687
21/07/2021,India,42015,31216337,3998,418480,30429339
22/07/2021,India,41383,31257720,507,418987,30468079
23/07/2021,India,35342,31293062,483,419470,30468079
24/07/2021,India,39097,31332159,546,420016,30543138
25/07/2021,India,39742,31371901,535,420551,30579106
26/07/2021,India,39361,31411262,416,420967,30621469
27/07/2021,India,29689,31440951,415,421382,30663147
28/07/2021,India,43654,31484605,640,422022,30701612
29/07/2021,India,43509,31528114,640,422662,30743972
30/07/2021,India,44230,31572344,555,423217,30781263
31/07/2021,India,41649,31613993,593,423810,30820521
01/08/2021,India,41831,31655824,541,424351,30857467
02/08/2021,India,40134,31695958,422,424773,30896354
03/08/2021,India,30549,31726507,422,425195,30933022
04/08/2021,India,42625,31769132,562,425757,30974748
05/08/2021,India,42982,31812114,533,426290,0
06/08/2021,India,44643,31856757,464,426754,0
07/08/2021,India,38628,31895385,617,427371,0
08/08/2021,India,39070,31934455,491,427862,0
09/08/2021,India,35499,31969954,447,428309,0
10/08/2021,India,28204,31998158,373,428682,0
11/08/2021,India,38353,32036511,497,429179,0
12/08/2021,India,41195,32077706,490,429669,0
13/08/2021,India,40120,32117826,585,430254,0
14/08/2021,India,38667,32156493,478,430732,0
15/08/2021,India,36083,32192576,493,431225,0
16/08/2021,India,32937,32225513,417,431642,0
17/08/2021,India,25166,32250679,437,432079,0
18/08/2021,India,35178,32285857,440,432519,0
19/08/2021,India,36401,32322258,530,433049,0
20/08/2021,India,36571,32358829,540,433589,0
21/08/2021,India,34457,32393286,375,433964,0
22/08/2021,India,30948,32424234,403,434367,0
23/08/2021,India,25072,32449306,389,434756,0
24/08/2021,India,25467,32474773,354,435110,0
25/08/2021,India,37593,32512366,648,435758,0
26/08/2021,India,46164,32558530,607,436365,0
27/08/2021,India,44658,32603188,496,436861,0
28/08/2021,India,46759,32649947,509,437370,0
29/08/2021,India,45083,32695030,460,437830,0
30/08/2021,India,42909,32737939,380,438210,0
31/08/2021,India,30941,32768880,350,438560,0
01/09/2021,India,41965,32810845,460,439020,0
02/09/2021,India,47092,32857937,509,439529,0
03/09/2021,India,45352,32903289,366,439895,0
04/09/2021,India,42618,32945907,330,440225,0
05/09/2021,India,42766,32988673,308,440533,0
06/09/2021,India,38948,33027621,219,440752,0
07/09/2021,India,31222,33058843,290,441042,0
08/09/2021,India,37875,33096718,369,441411,0
09/09/2021,India,43263,33139981,338,441749,0
10/09/2021,India,34973,33174954,260,442009,0
11/09/2021,India,33376,33208330,308,442317,0
12/09/2021,India,28591,33236921,338,442655,0
13/09/2021,India,27254,33264175,219,442874,0
14/09/2021,India,25404,33289579,339,443213,0
15/09/2021,India,27176,33316755,284,443497,0
16/09/2021,India,30570,33347325,431,443928,0
17/09/2021,India,34403,33381728,320,444248,0
18/09/2021,India,35662,33417390,281,444529,0
19/09/2021,India,30773,33448163,309,444838,0
20/09/2021,India,30256,33478419,295,445133,0
21/09/2021,India,26115,33504534,252,445385,0
22/09/2021,India,26964,33531498,383,445768,0
23/09/2021,India,31923,33563421,282,446050,0
24/09/2021,India,31382,33594803,318,446368,0
25/09/2021,India,29616,33624419,290,446658,0
26/09/2021,India,28326,33652745,260,446918,0
27/09/2021,India,26041,33678786,276,447194,0
28/09/2021,India,18795,33697581,179,447373,0
29/09/2021,India,18870,33716451,378,447751,0
30/09/2021,India,23529,33739980,311,448062,0
01/10/2021,India,26727,33766707,277,448339,0
02/10/2021,India,24354,33791061,234,448573,0
03/10/2021,India,22842,33813903,244,448817,0
04/10/2021,India,20799,33834702,180,448997,0
05/10/2021,India,18346,33853048,263,449260,0
06/10/2021,India,18833,33871881,278,449538,0
07/10/2021,India,22431,33894312,318,449856,0
08/10/2021,India,21257,33915569,271,450127,0
09/10/2021,India,19740,33935309,248,450375,0
10/10/2021,India,18166,33953475,214,450589,0
11/10/2021,India,18132,33971607,193,450782,0
12/10/2021,India,14313,33985920,181,450963,0
13/10/2021,India,15823,34001743,226,451189,0
14/10/2021,India,18987,34020730,246,451435,0
15/10/2021,India,16862,34037592,379,451814,0
16/10/2021,India,15981,34053573,166,451980,0
17/10/2021,India,14146,34067719,144,452124,0
18/10/2021,India,13596,34081315,166,452290,0
19/10/2021,India,13058,34094373,164,452454,0
20/10/2021,India,14623,34108996,197,452651,0
21/10/2021,India,18454,34127450,160,452811,0
22/10/2021,India,15786,34143236,231,453042,0
23/10/2021,India,16326,34159562,666,453708,0
24/10/2021,India,15906,34175468,561,454269,0
25/10/2021,India,14306,34189774,443,454712,0
26/10/2021,India,12428,34202202,356,455068,0
27/10/2021,India,13451,34215653,585,455653,0
28/10/2021,India,16156,34231809,733,456386,0
29/10/2021,India,14348,34246157,805,457191,0
30/10/2021,India,14313,34260470,549,457740,0
31/10/2021,India,12830,34273300,446,458186,0
01/11/2021,India,12514,34285814,251,458437,0
02/11/2021,India,10423,34296237,443,458880,0
03/11/2021,India,11903,34308140,311,459191,0
04/11/2021,India,12885,34321025,461,459652,0
05/11/2021,India,12729,34333754,221,459873,0
06/11/2021,India,10929,34344683,392,460265,0
07/11/2021,India,10853,34355536,526,460791,0
08/11/2021,India,11451,34366987,266,461057,0
09/11/2021,India,10126,34377113,332,461389,0
10/11/2021,India,11466,34388579,460,461849,0
11/11/2021,India,13091,34401670,340,462189,0
12/11/2021,India,12516,34414186,501,462690,0
13/11/2021,India,11850,34426036,555,463245,0
14/11/2021,India,11271,34437307,285,463530,0
15/11/2021,India,10229,34447536,125,463655,0
16/11/2021,India,8865,34456401,197,463852,0
17/11/2021,India,10197,34466598,301,464153,0
18/11/2021,India,11919,34478517,470,464623,0
19/11/2021,India,11106,34489623,459,465082,0
20/11/2021,India,10302,34499925,267,465349,0
21/11/2021,India,10488,34510413,313,465662,0
22/11/2021,India,8488,34518901,249,465911,0
23/11/2021,India,7579,34526480,236,466147,0
24/11/2021,India,9283,34535763,437,466584,0
25/11/2021,India,9119,34544882,396,466980,0
26/11/2021,India,10549,34555431,488,467468,0
,,,,,,0
,,,,,,0
